Ana,Martínez,ana.martinez@example.com
Luis,García,luis.garcia@example.com
Marta,López,marta.lopez@example.com
Jorge,Fernández,jorge.fernandez@example.com
Carla,Sánchez,carla.sanchez@example.com
Pablo,Ramírez,pablo.ramirez@example.com
Laura,Torres,laura.torres@example.com
Iván,Castillo,ivan.castillo@example.com
Sofía,Herrera,sofia.herrera@example.com
Diego,Cruz,diego.cruz@example.com
Paula,Reyes,paula.reyes@example.com
Javier,Ortega,javier.ortega@example.com
Lucía,Delgado,lucia.delgado@example.com
Andrés,Romero,andres.romero@example.com
Elena,Navarro,elena.navarro@example.com
Sergio,Molina,sergio.molina@example.com
Nuria,Medina,nuria.medina@example.com
Raúl,Suárez,raul.suarez@example.com
Beatriz,Domínguez,beatriz.dominguez@example.com
Tomás,Paredes,tomas.paredes@example.com
